eeg_id,seizure_vote,lpd_vote,gpd_vote,lrda_vote,grda_vote,other_vote
3911565283,0.14644775,0.010798129,0.00021848564,0.493194,0.015455009,0.3338866
