eeg_id,seizure_vote,lpd_vote,gpd_vote,lrda_vote,grda_vote,other_vote
3911565283,0.13928959,0.029453102,0.0001993841,0.55650467,0.006125291,0.268428
