eeg_id,seizure_vote,lpd_vote,gpd_vote,lrda_vote,grda_vote,other_vote
3911565283,0.044370897,0.1398853,0.0033210726,0.47008294,0.03355523,0.30878457
