eeg_id,seizure_vote,lpd_vote,gpd_vote,lrda_vote,grda_vote,other_vote
3911565283,0.20982046,0.026479969,0.0002339723,0.51665735,0.012878591,0.23392966
